customer_id,name,email,phone,city,join_date
CUST-10000,Ekansh Bhavsar,tchopra@example.com,+919905543691,Ajman,2026-04-17
CUST-10001,Azaan Mangal,niharika00@example.com,3557380249,Sharjah,2025-05-11
CUST-10002,Mitesh Khurana,ayushmanmaster@example.org,9220893061,Sharjah,2024-09-30
CUST-10003,Oscar Rajagopal,skhosla@example.org,1049162926,Dubai,2025-05-10
CUST-10004,Warda Sant,dugargeorge@example.com,04479615250,Sharjah,2025-07-03
CUST-10005,Janya Kapadia,tarafiyaz@example.com,3654245625,Dubai,2026-01-30
CUST-10006,Yatin Raja,dayitadani@example.net,+919440372917,Dubai,2024-07-25
CUST-10007,Mekhala Datta,samuel34@example.org,+915815795401,Sharjah,2026-05-07
CUST-10008,Gaurika Peri,sinhatarak@example.org,03794553458,Ajman,2026-01-14
CUST-10009,Indira Anand,deyvasudha@example.org,08355151502,Sharjah,2025-04-08
CUST-10010,Faras Bawa,beravarsha@example.org,5302485137,Sharjah,2026-03-12
CUST-10011,Fitan Kota,farajatwal@example.net,+914289003776,Ajman,2026-01-21
CUST-10012,Rayaan Jani,kabir38@example.org,3815124079,Sharjah,2026-01-19
CUST-10013,Ubika Pradhan,diptarai@example.org,09670448039,Dubai,2025-10-18
CUST-10014,Samarth Sarraf,azad59@example.org,5122716089,Dubai,2026-03-18
CUST-10015,Tanay Maharaj,odoshi@example.net,2881111403,Abu Dhabi,2025-07-20
CUST-10016,Vyanjana Dugar,damyantitrivedi@example.com,07721860954,Abu Dhabi,2026-03-03
CUST-10017,Ranveer Rout,kapadiazayan@example.org,01354636895,Abu Dhabi,2025-09-13
CUST-10018,Chandani Narain,luckykant@example.org,+913680398709,Dubai,2025-10-31
CUST-10019,Zilmil Venkataraman,raghavanviraj@example.com,+919760114261,Dubai,2025-10-03
CUST-10020,Adweta Kaur,aarini21@example.com,0231560755,Abu Dhabi,2026-04-04
CUST-10021,Lipika Ghose,hamsinisaha@example.net,7799239462,Dubai,2025-09-30
CUST-10022,Sai Brar,nbarad@example.org,2937893262,Ajman,2025-09-19
CUST-10023,Wahab Ravi,aashi03@example.net,+917107179678,Sharjah,2025-10-02
CUST-10024,Jagdish Mohan,pranit86@example.net,05233951856,Ajman,2025-07-23
CUST-10025,Hemangini Madan,yadaviprakash@example.net,06959070207,Sharjah,2024-07-14
CUST-10026,Dalaja Hegde,yuvraj91@example.net,+917587281635,Abu Dhabi,2025-01-06
CUST-10027,Ridhi Shetty,vkarpe@example.net,+918459510710,Dubai,2024-11-12
CUST-10028,Chaman Sandal,ryan80@example.net,09267005346,Ajman,2024-09-10
CUST-10029,Maanav Datta,neeldalal@example.org,6108249972,Abu Dhabi,2026-04-26
CUST-10030,Meera Sarkar,bnath@example.org,06193548003,Ajman,2025-06-04
CUST-10031,Rajeshri Ghose,radhikashankar@example.org,4265028606,Sharjah,2025-06-18
CUST-10032,Ekaja Taneja,gaurangyogi@example.com,03695310547,Sharjah,2026-05-31
CUST-10033,Aishani Nayar,thamanosha@example.org,01520632178,Ajman,2025-12-04
CUST-10034,Yamini Rajagopalan,upmaahluwalia@example.net,+919430536343,Dubai,2025-06-10
CUST-10035,Vanya Vala,takgaurav@example.net,+915167425465,Abu Dhabi,2024-11-19
CUST-10036,Mahika Gill,ikshita73@example.net,00666521025,Abu Dhabi,2024-09-21
CUST-10037,Vivaan Zacharia,ccherian@example.org,+915695598293,Dubai,2025-05-08
CUST-10038,Aadhya Munshi,pranavraval@example.com,08281183883,Sharjah,2025-07-04
CUST-10039,Ansh Brahmbhatt,rattajanuja@example.net,06831509116,Dubai,2024-10-18
CUST-10040,Luke Iyer,warhivarty@example.com,04151602319,Ajman,2024-10-28
CUST-10041,Warinder Narula,kapadiameera@example.com,02982779942,Ajman,2025-08-10
CUST-10042,Qarin Bains,arunima76@example.com,6208442557,Ajman,2025-01-27
CUST-10043,Lipika Vyas,yashodharasoni@example.net,04666229120,Ajman,2025-04-11
CUST-10044,Gaurika Balay,chanagopal@example.net,+914405684347,Dubai,2025-10-19
CUST-10045,Ayush Gopal,klalla@example.org,+914621078671,Ajman,2025-09-15
CUST-10046,Charita Issac,routchaaya@example.com,8492788408,Ajman,2024-10-05
CUST-10047,Abha Shankar,wahab05@example.com,03722611160,Dubai,2024-12-05
CUST-10048,Joshua Bhatti,olata@example.org,05540612525,Abu Dhabi,2025-05-28
CUST-10049,Shivani Bhakta,wahab20@example.net,+911450536776,Ajman,2026-01-26
CUST-10050,Vritti Vaidya,zansimaharaj@example.net,+917158194365,Ajman,2025-05-29
CUST-10051,Rishi Balakrishnan,prashadpratyush@example.com,04499245799,Ajman,2025-11-08
CUST-10052,Jagdish Oak,samakalpit@example.org,05980471401,Sharjah,2024-08-30
CUST-10053,Rachana Mallick,avibava@example.net,3947737827,Ajman,2024-06-27
CUST-10054,Manan Wali,kritikasibal@example.com,5725663684,Sharjah,2025-11-05
CUST-10055,Ria Ghose,vkrishnamurthy@example.org,01192845265,Ajman,2026-02-03
CUST-10056,Ethan Ratti,qdash@example.net,2833882668,Abu Dhabi,2024-08-31
CUST-10057,Ranveer Johal,deviorinder@example.net,7689474942,Abu Dhabi,2026-01-22
CUST-10058,Chaaya Lad,muttiisaac@example.net,6968361396,Abu Dhabi,2026-06-04
CUST-10059,Alka Badal,vsrinivasan@example.com,+914129330505,Ajman,2026-06-07
CUST-10060,Laban Varkey,chamelijani@example.org,+911671559285,Sharjah,2025-08-21
CUST-10061,Varsha Aurora,imaran41@example.com,03170009600,Sharjah,2025-07-07
CUST-10062,Osha Shankar,qupadhyay@example.com,0171471377,Sharjah,2026-05-25
CUST-10063,Hema Sarin,qdivan@example.net,2756643151,Dubai,2024-09-04
CUST-10064,Nikita Sankar,adya54@example.com,02870979066,Sharjah,2026-06-16
CUST-10065,Vihaan Bath,dharyuvraj@example.org,+917180835314,Sharjah,2024-11-09
CUST-10066,Darpan Lala,vdin@example.com,+914503945528,Dubai,2024-11-26
CUST-10067,Anthony Saini,chanakyatak@example.org,3343826175,Abu Dhabi,2025-03-18
CUST-10068,Onkar Palla,dhingravasudha@example.com,4666874471,Abu Dhabi,2026-03-31
CUST-10069,Chaaya Mannan,ddate@example.com,+917902873531,Ajman,2026-01-12
CUST-10070,Yadavi Shetty,leena26@example.com,4135505280,Ajman,2024-08-27
CUST-10071,Geetika Padmanabhan,riya14@example.org,4246754713,Abu Dhabi,2025-05-22
CUST-10072,Krishna Kapadia,maxbir@example.org,+914883840419,Ajman,2026-03-05
CUST-10073,Yoshita Kashyap,hemang40@example.net,06472858193,Sharjah,2025-02-02
CUST-10074,Niharika Patel,nattjanaki@example.net,09257546540,Dubai,2026-02-09
CUST-10075,Girish Venkatesh,balendrasarraf@example.net,6185288095,Sharjah,2025-06-06
CUST-10076,Hemang Ram,aghose@example.org,+918140192102,Abu Dhabi,2025-06-11
CUST-10077,Oni Srinivasan,vinayaborra@example.net,07815328042,Dubai,2024-11-17
CUST-10078,Barkha Devi,lsani@example.net,+916161817331,Ajman,2025-10-03
CUST-10079,Aditya Bhatti,dvenkatesh@example.com,5629258231,Abu Dhabi,2025-08-17
CUST-10080,Anthony Walla,ldeep@example.org,8603257321,Ajman,2025-07-05
CUST-10081,Daksh Zachariah,ksahni@example.com,0807068130,Dubai,2026-05-23
CUST-10082,Gaurangi Hari,vdhillon@example.org,+919877656432,Ajman,2025-03-21
CUST-10083,Raagini Ghosh,regegopal@example.com,+912361467299,Dubai,2024-09-05
CUST-10084,Manbir Contractor,chaudhurikashvi@example.com,+918736093463,Abu Dhabi,2025-07-13
CUST-10085,Tejas Naidu,perileena@example.net,5977196420,Abu Dhabi,2025-05-25
CUST-10086,Vasudha Sangha,epalan@example.org,8057849714,Ajman,2024-11-18
CUST-10087,Devika Chawla,finn12@example.com,01180972994,Sharjah,2025-12-02
CUST-10088,Nathaniel Kashyap,upma02@example.org,06252344668,Dubai,2024-11-16
CUST-10089,Max Deshmukh,tiwariimaran@example.com,01631993889,Dubai,2024-06-29
CUST-10090,Ati Subramaniam,pushtisrivastava@example.com,+916605964410,Dubai,2025-01-26
CUST-10091,Arya Bir,ranveerpai@example.org,4893813226,Ajman,2025-11-02
CUST-10092,Vidhi Muni,vrindamore@example.org,3822834574,Sharjah,2025-01-15
CUST-10093,Lajita Sekhon,wchatterjee@example.net,2837073064,Sharjah,2024-08-21
CUST-10094,Amol Tiwari,oviya02@example.net,1598520958,Abu Dhabi,2025-01-28
CUST-10095,Unni Kala,gbala@example.org,5259227281,Dubai,2024-11-19
CUST-10096,Jeet Lad,cnadig@example.org,+912886572887,Abu Dhabi,2026-05-21
CUST-10097,Chaman Jain,virajbal@example.org,6421427937,Abu Dhabi,2024-07-04
CUST-10098,Yashica Kari,badalbalhaar@example.com,01852437910,Sharjah,2025-12-16
CUST-10099,Yashoda Sekhon,qabilnayak@example.org,0989808464,Ajman,2025-10-19
CUST-10100,Ridhi Saraf,simonramachandran@example.net,8287664879,Dubai,2024-09-26
CUST-10101,Ryan Pandit,aachal98@example.org,4038293531,Dubai,2025-11-05
CUST-10102,Diya Varkey,rmalhotra@example.org,1365761488,Ajman,2025-04-24
CUST-10103,Kai Jaggi,jshah@example.org,04859421515,Sharjah,2024-10-01
CUST-10104,Naveen Bhargava,tamannasood@example.com,08763757368,Sharjah,2025-03-11
CUST-10105,Vritti Balasubramanian,samesh62@example.org,06204234809,Sharjah,2026-03-19
CUST-10106,Ekansh Shere,vkala@example.org,4413444239,Dubai,2026-05-03
CUST-10107,Ekalinga Dutta,kotharibalendra@example.net,2056098088,Ajman,2025-07-12
CUST-10108,Azaan Hayre,zkhurana@example.net,5740816887,Dubai,2026-06-14
CUST-10109,Dhriti Mane,vganesh@example.net,+918972666108,Abu Dhabi,2026-06-19
CUST-10110,Ikbal Chowdhury,lsaran@example.org,+914333368510,Abu Dhabi,2025-04-10
CUST-10111,Omya Varughese,ladlipadmanabhan@example.org,06595586309,Sharjah,2025-11-17
CUST-10112,Benjamin Hayer,mmann@example.com,00699282896,Sharjah,2025-08-18
CUST-10113,Libni Iyengar,naksh77@example.net,2295173057,Abu Dhabi,2025-06-29
CUST-10114,Charles Pandey,wahabprakash@example.com,04819928813,Dubai,2025-01-12
CUST-10115,Baljiwan Bahri,vinayaray@example.org,9441072924,Ajman,2025-04-09
CUST-10116,Chakradhar Talwar,bdhaliwal@example.com,0767467023,Sharjah,2024-09-19
CUST-10117,Suhani Ravel,jacob56@example.net,6540422773,Dubai,2025-11-25
CUST-10118,Tejas Arora,balabhavika@example.net,05709611656,Abu Dhabi,2026-03-27
CUST-10119,Rajata Samra,qmahal@example.org,+913674076962,Sharjah,2025-05-20
CUST-10120,Harsh Mohanty,tripti05@example.net,9705054398,Sharjah,2024-08-28
CUST-10121,Ekapad Sha,chakrika59@example.net,07307697375,Dubai,2024-08-12
CUST-10122,Damyanti Wali,chatterjeeranveer@example.net,5442372669,Dubai,2025-08-07
CUST-10123,Darika Bhat,kuruvillaaryan@example.org,05936360757,Ajman,2025-10-27
CUST-10124,Abhimanyu Goel,bhavyamand@example.com,+912781572432,Dubai,2024-10-02
CUST-10125,Shravya Reddy,dadakevin@example.net,+918030411155,Sharjah,2025-02-02
CUST-10126,Charan Bava,veer69@example.net,08215743073,Abu Dhabi,2024-11-12
CUST-10127,Aahana Baral,balvan60@example.net,+912456080709,Abu Dhabi,2025-09-28
CUST-10128,Rudra Trivedi,tarak97@example.com,+912276268477,Dubai,2024-07-01
CUST-10129,Bahadurjit Subramanian,anthonysachar@example.com,+911501587437,Abu Dhabi,2025-06-19
CUST-10130,Ishaan Prabhakar,rajatarege@example.com,08358049116,Abu Dhabi,2025-12-28
CUST-10131,Manan Panchal,xalak25@example.org,+919061337299,Ajman,2024-07-11
CUST-10132,Qasim Ratta,geetika43@example.com,02650853373,Ajman,2025-12-29
CUST-10133,Teerth Gade,gpalla@example.com,00279782545,Sharjah,2025-11-27
CUST-10134,Ekapad Badal,lnayak@example.org,+916129832182,Abu Dhabi,2025-03-14
CUST-10135,Ati Peri,sanimekhala@example.com,9464474009,Dubai,2025-06-24
CUST-10136,Xiti Mukhopadhyay,ndixit@example.com,1992885646,Dubai,2026-06-17
CUST-10137,Anjali Grewal,aurorachaitanya@example.net,09200079110,Dubai,2025-02-01
CUST-10138,Ekansh Dar,upadhritimanne@example.org,+913336036851,Dubai,2025-05-10
CUST-10139,Omya Tiwari,farischokshi@example.com,3925314576,Dubai,2024-07-05
CUST-10140,Sara Bath,srinivasanayaan@example.net,4948044011,Abu Dhabi,2026-01-21
CUST-10141,Ekantika Chad,abdulramesh@example.org,+916795536454,Dubai,2024-09-22
CUST-10142,Upadhriti Khatri,chakradhargrewal@example.com,02069667382,Abu Dhabi,2026-03-04
CUST-10143,Faqid Apte,owenbhakta@example.com,01766980626,Ajman,2025-06-13
CUST-10144,Abhimanyu Ravel,rchada@example.org,00236050209,Abu Dhabi,2024-07-07
CUST-10145,Guneet Saran,jyotikala@example.net,+912253910137,Ajman,2026-01-12
CUST-10146,Naveen Nigam,kalasimon@example.net,03695799649,Ajman,2024-09-04
CUST-10147,Warjas Patel,lipika27@example.com,9946108936,Sharjah,2025-10-03
CUST-10148,Ekaja Reddy,edhitha29@example.org,2626379765,Ajman,2024-07-04
CUST-10149,Thomas Parikh,veda11@example.net,+915911941247,Ajman,2025-12-15
CUST-10150,Janya Das,iyengargaurika@example.com,+913671540537,Abu Dhabi,2025-02-23
CUST-10151,Jeet Kumar,rajata80@example.com,07946592001,Dubai,2025-03-19
CUST-10152,Zashil Samra,tanvidewan@example.net,05807544565,Abu Dhabi,2026-01-12
CUST-10153,Praneel Pillay,jainkabir@example.org,02766022178,Dubai,2025-08-21
CUST-10154,Meghana Gour,ishaansekhon@example.net,+913067593176,Ajman,2025-12-30
CUST-10155,Warda Raman,pchada@example.org,0466351926,Abu Dhabi,2025-08-31
CUST-10156,Inaya Naik,udanttank@example.com,8039260766,Ajman,2026-01-14
CUST-10157,Udyati Majumdar,sundaramanjali@example.com,+911885811575,Sharjah,2025-09-16
CUST-10158,Azad Konda,ucchalroy@example.org,5777890314,Ajman,2026-01-09
CUST-10159,Vasatika Deep,hiteshratti@example.com,3746724610,Abu Dhabi,2025-10-14
CUST-10160,Orinder Solanki,zansiborra@example.com,00864044774,Sharjah,2025-06-06
CUST-10161,Yashasvi Mitra,liamsane@example.net,+918197579871,Abu Dhabi,2025-04-18
CUST-10162,Yahvi Lala,banjeet35@example.org,9152211360,Sharjah,2024-10-27
CUST-10163,Bhavika Ramanathan,mananacharya@example.com,00060308695,Ajman,2025-07-21
CUST-10164,Onveer Merchant,samakshbhat@example.net,06205412636,Abu Dhabi,2025-08-24
CUST-10165,Nihal Bera,brindagarg@example.org,+914414087152,Ajman,2026-05-20
CUST-10166,Isha Sarraf,yohannanshivansh@example.com,+917526963435,Sharjah,2024-09-19
CUST-10167,Onkar Mitra,vohraojasvi@example.org,+918274646063,Abu Dhabi,2025-04-26
CUST-10168,Sai Dada,wthaman@example.com,+919203971600,Ajman,2026-03-08
CUST-10169,Sanya Sen,gauravrandhawa@example.net,09349981924,Ajman,2024-11-20
CUST-10170,Jack Madan,janakimagar@example.net,+919959404731,Dubai,2026-02-24
CUST-10171,Yadavi Jayaraman,ranganathanchasmum@example.net,05273911738,Sharjah,2025-06-28
CUST-10172,Advika Chaudhary,xkapadia@example.com,4430540114,Dubai,2024-08-29
CUST-10173,Riya Vora,maya13@example.org,2102731872,Abu Dhabi,2025-11-03
CUST-10174,Abhimanyu Kohli,david85@example.com,7856908140,Ajman,2024-12-14
CUST-10175,Arjun Barman,bhattiyashica@example.net,+913354830051,Ajman,2025-02-19
CUST-10176,Kalpit Char,uhegde@example.org,5886973569,Dubai,2026-03-26
CUST-10177,Lakshmi Gill,bumbnathaniel@example.com,06144090972,Ajman,2025-05-02
CUST-10178,Pranit Chada,xbala@example.org,7750482412,Abu Dhabi,2025-11-17
CUST-10179,Qadim Dhaliwal,vsha@example.net,9952246611,Abu Dhabi,2025-06-07
CUST-10180,Sathvik Dutta,xsuresh@example.com,04797815689,Dubai,2024-09-16
CUST-10181,Viraj Batra,dyalsudiksha@example.org,05793033287,Ajman,2024-08-29
CUST-10182,Chavvi Sachdeva,upkaar02@example.com,+914673484107,Sharjah,2025-01-23
CUST-10183,Viraj Sodhi,matthew13@example.com,0886752486,Abu Dhabi,2025-11-24
CUST-10184,Anusha Oak,achaudhry@example.net,+915583510237,Sharjah,2024-09-22
CUST-10185,Fitan Pandit,aradhana32@example.org,+910861720257,Ajman,2024-10-14
CUST-10186,Jeremiah Gopal,hredhaanaggarwal@example.com,+916095000056,Dubai,2024-09-11
CUST-10187,Laksh Khurana,sachi61@example.org,9327604123,Abu Dhabi,2026-05-25
CUST-10188,Yatin Koshy,yasti96@example.com,1431724126,Ajman,2026-06-01
CUST-10189,Kritika Baral,daniel79@example.org,1804871881,Dubai,2025-05-15
CUST-10190,Nathan Ravi,abdul75@example.org,+916114079635,Dubai,2025-10-23
CUST-10191,Balvan Mohan,nattbalendra@example.org,+914079039430,Sharjah,2025-02-23
CUST-10192,Radhika Chokshi,yohannanoliver@example.org,6744909557,Sharjah,2024-09-07
CUST-10193,Ekaraj Kohli,nandinibhandari@example.com,01582405625,Ajman,2025-06-28
CUST-10194,Meera Kothari,farasnori@example.net,02545108944,Dubai,2024-11-14
CUST-10195,Saumya Chaudhry,kavya57@example.org,07935180151,Sharjah,2025-02-04
CUST-10196,Deepa Sachdeva,groverbhanumati@example.org,6027074238,Ajman,2026-02-10
CUST-10197,Samaksh Sengupta,devanshdugal@example.com,03803872622,Ajman,2026-06-23
CUST-10198,Thomas Varty,megha22@example.net,07333577093,Ajman,2025-04-14
CUST-10199,Oeshi Loyal,matthew85@example.net,+919262874839,Abu Dhabi,2025-03-15
CUST-10200,Gaurangi Prabhakar,bhardwajbhavya@example.net,+914803933911,Ajman,2025-07-29
CUST-10201,Vrinda Dalal,gollalila@example.com,+918994872886,Abu Dhabi,2026-03-16
CUST-10202,Lila Nazareth,bhattiwidisha@example.org,00201753756,Sharjah,2024-09-29
CUST-10203,Barkha Pal,xitipandit@example.org,+915651243994,Dubai,2025-12-17
CUST-10204,Jonathan Bhasin,cgandhi@example.org,04619440572,Abu Dhabi,2024-06-26
CUST-10205,Charvi Palla,zdara@example.com,0643896569,Abu Dhabi,2025-01-16
CUST-10206,Pratyush Chander,triya92@example.com,+919227566446,Sharjah,2025-09-23
CUST-10207,Barkha Sami,manizayyan@example.org,03339368633,Ajman,2025-03-05
CUST-10208,Jackson Deol,lohit94@example.net,+912869082022,Abu Dhabi,2025-02-17
CUST-10209,Matthew Reddy,krishamandal@example.net,6223252400,Dubai,2025-10-13
CUST-10210,Zayyan Wagle,sinhabhavini@example.com,04317649011,Abu Dhabi,2026-02-01
CUST-10211,Nakul Khare,chatterjeehamsini@example.org,04695435990,Dubai,2024-12-13
CUST-10212,Utkarsh Ganguly,hchad@example.org,1676729209,Sharjah,2025-09-19
CUST-10213,Triveni Tella,advay39@example.org,08163153232,Ajman,2024-07-04
CUST-10214,Vansha Prabhu,hemal07@example.org,07966496256,Dubai,2024-06-26
CUST-10215,Bhavani Wagle,saumya07@example.com,02905569909,Ajman,2025-01-13
CUST-10216,Upkaar Basu,vansha53@example.org,+915484969641,Sharjah,2025-06-11
CUST-10217,Liam Solanki,wadhwatanvi@example.org,+918928222289,Sharjah,2024-10-11
CUST-10218,Rishi Purohit,abhiram18@example.net,9510414711,Sharjah,2025-06-27
CUST-10219,Ekani Korpal,zjohal@example.com,06107535226,Dubai,2025-04-15
CUST-10220,Wridesh Nagi,nathan44@example.org,04993844304,Ajman,2026-01-27
CUST-10221,Chatura Mukhopadhyay,znaik@example.org,+910058763757,Abu Dhabi,2025-04-07
CUST-10222,Aadhya Sane,adyashah@example.org,09489921576,Dubai,2025-05-24
CUST-10223,Omya Wagle,pandeygavin@example.org,1371242456,Dubai,2025-06-19
CUST-10224,Dipta Mammen,ekajachanda@example.org,03722513738,Ajman,2025-02-15
CUST-10225,Manan Ahuja,darshdey@example.com,1646100911,Dubai,2025-01-23
CUST-10226,Neel Din,qushinarain@example.net,+919553514269,Ajman,2026-01-12
CUST-10227,Faqid Kapoor,ganeshneelima@example.org,6335241735,Sharjah,2026-05-04
CUST-10228,Chameli Chada,balafarhan@example.org,00370570591,Abu Dhabi,2025-06-09
CUST-10229,Chanakya Dyal,avnijayaraman@example.org,09143454322,Ajman,2025-02-05
CUST-10230,Aarnav Chander,gbath@example.org,+914319539570,Dubai,2026-05-25
CUST-10231,Damini Kapoor,banjeetranganathan@example.net,+914121798972,Sharjah,2025-12-06
CUST-10232,Nathan Hora,rbedi@example.net,0401973173,Dubai,2025-06-05
CUST-10233,Jalsa Sachdev,mistryyash@example.net,0365909666,Sharjah,2025-11-29
CUST-10234,Triveni Jain,asavant@example.org,7127202535,Ajman,2025-10-04
CUST-10235,Udant Kapur,janujatandon@example.org,+917208469271,Dubai,2025-04-21
CUST-10236,Jagrati Gera,qchada@example.com,9293014999,Dubai,2025-12-25
CUST-10237,Nitara Gade,barkhapuri@example.org,05562149880,Dubai,2024-11-15
CUST-10238,Henry Majumdar,gabrielgarg@example.com,1651590511,Dubai,2025-01-09
CUST-10239,Tristan Rajagopal,tatwal@example.com,00458288339,Sharjah,2025-03-10
CUST-10240,Yatin Nagy,vedant29@example.net,+910862441936,Ajman,2025-06-08
CUST-10241,Zaitra Varty,charita33@example.org,09579993853,Sharjah,2025-05-15
CUST-10242,Harita Khanna,krishnamurthychandresh@example.net,+910834198621,Dubai,2025-10-11
CUST-10243,Max Sen,katadavid@example.com,+910012950486,Ajman,2024-10-22
CUST-10244,Warda Pandya,athakkar@example.com,03314165120,Sharjah,2025-12-08
CUST-10245,Dominic Vala,banerjeeharini@example.net,06965885834,Abu Dhabi,2025-04-20
CUST-10246,Mohini Banerjee,jagdish97@example.com,+916654886638,Dubai,2025-07-17
CUST-10247,Upkaar Dubey,ksekhon@example.org,3307263068,Abu Dhabi,2025-10-12
CUST-10248,Rachana Brahmbhatt,raourvashi@example.org,7289817989,Dubai,2024-07-07
CUST-10249,Luke Bedi,apathak@example.com,08609750352,Dubai,2025-06-19
CUST-10250,Yochana Srinivas,soodsachi@example.org,+917746814239,Abu Dhabi,2024-08-22
CUST-10251,Yashasvi Lata,catwal@example.org,1741718307,Abu Dhabi,2026-03-10
CUST-10252,Daksha Dani,gourdarsh@example.org,03765612696,Ajman,2026-03-19
CUST-10253,Isha Vala,ekapadcontractor@example.com,+910469980052,Ajman,2025-07-13
CUST-10254,Advika Dixit,sara82@example.net,01475606673,Dubai,2026-05-25
CUST-10255,Indrajit Mital,sunderunni@example.net,+915799210268,Sharjah,2025-03-25
CUST-10256,Jyoti Wason,baralvaishnavi@example.org,08690871655,Dubai,2025-06-19
CUST-10257,Radhika Gala,psabharwal@example.com,+912793846323,Sharjah,2026-01-18
CUST-10258,Om Rau,leela68@example.net,4914919667,Ajman,2025-10-26
CUST-10259,Radhika Mukherjee,guptaavi@example.net,+918968911142,Sharjah,2025-11-29
CUST-10260,Nirja Kamdar,xavier55@example.com,00778573470,Sharjah,2025-10-14
CUST-10261,Nitara Mahal,ddave@example.com,+917283469372,Sharjah,2024-12-14
CUST-10262,Saumya Rajan,jalsa04@example.com,02829054831,Ajman,2025-11-28
CUST-10263,Manya Thakkar,natarajanjatin@example.com,03075430304,Sharjah,2026-02-02
CUST-10264,Daniel Bhakta,zoza@example.com,09650703244,Dubai,2025-06-19
CUST-10265,Bhavini Verma,seshadrijoshua@example.com,05741458036,Sharjah,2026-01-27
CUST-10266,Raagini Ramanathan,neelima77@example.net,7471830432,Abu Dhabi,2024-09-06
CUST-10267,Gautami Chada,abeer60@example.org,09927273091,Abu Dhabi,2026-01-14
CUST-10268,Eta Hari,qranganathan@example.org,06760445023,Ajman,2025-02-23
CUST-10269,Oliver Bhalla,chaayaparmar@example.org,+915883542876,Sharjah,2025-12-10
CUST-10270,Pavani Barad,timothypalla@example.com,08218369169,Ajman,2024-10-21
CUST-10271,Falan Kar,atharvdua@example.org,+910271205329,Ajman,2025-12-02
CUST-10272,Niharika Gaba,shettyjoshua@example.com,0908817355,Ajman,2025-08-09
CUST-10273,Inaya Choudhry,darshdar@example.net,09604167324,Dubai,2025-02-27
CUST-10274,Kashish Thaker,mnazareth@example.com,2611424434,Ajman,2024-07-24
CUST-10275,Chandran Raman,rajata31@example.net,01716600624,Dubai,2024-09-03
CUST-10276,Ekalinga Padmanabhan,kothaririya@example.net,+911165193887,Dubai,2025-10-19
CUST-10277,Ati Tank,janakicontractor@example.com,07640227362,Abu Dhabi,2025-04-28
CUST-10278,Darika Sheth,hemang75@example.com,06185266792,Sharjah,2024-11-24
CUST-10279,Upasna Karan,brinda56@example.net,08894069682,Sharjah,2025-12-02
CUST-10280,Jeremiah Munshi,sprakash@example.net,+912640767324,Dubai,2024-07-18
CUST-10281,Sudiksha Pradhan,chandresh02@example.net,+916682529843,Dubai,2025-07-26
CUST-10282,Waida Chadha,ynadig@example.org,5677187191,Ajman,2024-09-18
CUST-10283,Indrajit Krishnan,jkale@example.org,07476125655,Ajman,2025-10-07
CUST-10284,Aryan Nair,champak48@example.org,0937799138,Dubai,2024-07-17
CUST-10285,Ishita Pingle,krishna30@example.net,+918892783023,Sharjah,2025-12-01
CUST-10286,Yatin Chawla,ekta94@example.com,+916356847952,Dubai,2024-11-14
CUST-10287,Jagvi Gill,goelvaishnavi@example.net,+917172079212,Ajman,2026-05-12
CUST-10288,Bhavani Tripathi,liam01@example.org,5848200352,Dubai,2025-09-02
CUST-10289,Unnati Kota,qcherian@example.com,9097265070,Dubai,2026-04-21
CUST-10290,Baljiwan Pathak,mitterfariq@example.com,04745955911,Sharjah,2024-11-07
CUST-10291,Abhiram Upadhyay,deviishita@example.net,0799004106,Abu Dhabi,2025-10-01
CUST-10292,Laksh Krishna,urishillabahri@example.org,+919924402883,Dubai,2026-05-11
CUST-10293,Teerth Ben,harrison96@example.com,1675054793,Dubai,2025-11-16
CUST-10294,Pooja Pandey,vkar@example.org,8491629009,Dubai,2026-05-05
CUST-10295,Tripti Mohanty,somgaurika@example.org,2167536820,Abu Dhabi,2025-05-15
CUST-10296,Kabir Bansal,girindrabal@example.org,+915522997477,Abu Dhabi,2024-09-30
CUST-10297,Advay Dar,dadadarsh@example.com,2413111088,Ajman,2025-01-06
CUST-10298,Agastya Venkataraman,prasadkritika@example.com,+910272128223,Ajman,2025-09-20
CUST-10299,Victor Srinivasan,lakshmi61@example.org,02172518603,Sharjah,2025-11-30
CUST-10300,Mugdha Chacko,ektaram@example.com,+917568620009,Ajman,2025-11-15
CUST-10301,Sachi Sehgal,yashawinishenoy@example.net,8636123840,Sharjah,2025-12-13
CUST-10302,Falguni Chaudhary,darpan89@example.org,04986371975,Abu Dhabi,2025-02-24
CUST-10303,Damini Rajagopal,dewanonveer@example.com,+917153126689,Dubai,2024-08-21
CUST-10304,Samesh Kar,zyogi@example.org,9208365713,Abu Dhabi,2025-12-20
CUST-10305,Ojasvi Ray,khalsashaurya@example.org,+913335838112,Ajman,2024-08-26
CUST-10306,Sudiksha Johal,urishillasaraf@example.org,+915630230180,Sharjah,2025-11-22
CUST-10307,Ridhi Sane,baurora@example.org,1201445914,Ajman,2025-09-01
CUST-10308,Abeer Wable,janyasangha@example.com,7756324830,Ajman,2025-03-20
CUST-10309,Netra Kala,radhasuresh@example.net,+911394379775,Dubai,2025-12-30
CUST-10310,Jhalak Minhas,cmutti@example.com,+912453742209,Ajman,2025-12-08
CUST-10311,Gautami Deep,ranveer65@example.org,01466396774,Abu Dhabi,2024-09-30
CUST-10312,Mitali Narayan,janakibhattacharyya@example.com,09544176634,Sharjah,2026-05-02
CUST-10313,Thomas Nagy,vincent36@example.org,09562887135,Abu Dhabi,2025-04-28
CUST-10314,Barkha Balasubramanian,shauryashukla@example.net,+915225921368,Abu Dhabi,2024-11-21
CUST-10315,Mugdha Soni,mekhala61@example.org,+914619284840,Dubai,2025-01-22
CUST-10316,Garima Chatterjee,mthaman@example.com,+918307602496,Sharjah,2025-07-28
CUST-10317,Nathaniel Nayar,zaitrasavant@example.com,07737941099,Sharjah,2026-05-10
CUST-10318,Kritika Din,lukenori@example.net,09003446640,Sharjah,2026-01-10
CUST-10319,Indira Pal,bhallaarin@example.net,00826104728,Sharjah,2024-10-13
CUST-10320,Varsha Narayanan,gagan89@example.com,03798591428,Sharjah,2024-09-08
CUST-10321,Chanakya Dass,jpillay@example.net,4487433136,Ajman,2025-06-25
CUST-10322,Aryan Merchant,imanda@example.org,+916114626579,Abu Dhabi,2025-03-01
CUST-10323,Nimrat Tripathi,ubarad@example.com,00055807496,Ajman,2026-03-08
CUST-10324,Ubika Radhakrishnan,jbhatnagar@example.com,7988094803,Abu Dhabi,2025-03-15
CUST-10325,Jason Menon,jatinnarula@example.com,00632166511,Abu Dhabi,2025-01-05
CUST-10326,Gunbir Pai,ughose@example.com,07478585583,Dubai,2024-09-30
CUST-10327,Zayyan Baral,lokegavin@example.net,+913513218094,Ajman,2026-03-23
CUST-10328,Mahika Shukla,bchaudhuri@example.org,+918161532868,Abu Dhabi,2025-12-25
CUST-10329,Varenya Venkataraman,hegdepatrick@example.org,01322192296,Ajman,2024-11-28
CUST-10330,Krishna Pillay,yashodhara73@example.com,+916876058086,Dubai,2025-06-29
CUST-10331,Bhavya Upadhyay,vaishnavibarman@example.net,07853316048,Ajman,2025-07-24
CUST-10332,Vasudha Karan,lilasaraf@example.com,+915938488490,Sharjah,2026-01-13
CUST-10333,Samar Doshi,indira88@example.net,7918212264,Abu Dhabi,2025-07-06
CUST-10334,Nikita Arya,tanveer65@example.net,06667128938,Abu Dhabi,2025-01-16
CUST-10335,Divya Khurana,tmisra@example.com,9447575027,Dubai,2024-07-09
CUST-10336,Osha Gulati,cnagy@example.com,+910647811105,Abu Dhabi,2025-03-16
CUST-10337,Peter Sibal,tdhar@example.org,1363005418,Sharjah,2025-03-31
CUST-10338,Samar Bhakta,urmi85@example.net,+914322537048,Abu Dhabi,2024-09-04
CUST-10339,Nirja Dixit,aachaldalal@example.com,03418868396,Abu Dhabi,2025-12-14
CUST-10340,Gautami Kanda,pahalgaba@example.com,04179919815,Dubai,2026-03-31
CUST-10341,Hiral Chakraborty,barmanyuvraj@example.org,01875568075,Dubai,2024-08-28
CUST-10342,Maanas Dara,parmarranbir@example.org,4413352876,Abu Dhabi,2025-09-29
CUST-10343,Ekta Narasimhan,forumratta@example.net,+916396528460,Abu Dhabi,2026-01-21
CUST-10344,Ekalinga Sandhu,anyakamdar@example.com,+911577714020,Dubai,2026-02-14
CUST-10345,Panini Lata,munivedhika@example.com,6910237758,Dubai,2025-10-26
CUST-10346,Indira Buch,xavierbhatnagar@example.org,+918123777490,Abu Dhabi,2026-02-10
CUST-10347,Dhriti Ahluwalia,harita06@example.com,+914549284530,Ajman,2024-12-26
CUST-10348,Ekantika Ramakrishnan,vasana61@example.org,3895687038,Dubai,2025-05-01
CUST-10349,Kritika Kakar,naranghredhaan@example.org,03686864350,Abu Dhabi,2026-04-23
CUST-10350,Nidra Dugal,mitalichowdhury@example.org,9228471260,Ajman,2025-06-07
CUST-10351,Falguni Raju,lipika50@example.org,+911462933037,Dubai,2024-07-05
CUST-10352,Dhruv Swamy,damyanti88@example.net,09161278084,Sharjah,2026-04-01
CUST-10353,Gabriel Tripathi,oparmar@example.net,00583460515,Abu Dhabi,2025-09-02
CUST-10354,Wriddhish Bhavsar,eeshachaudhary@example.com,+911756189256,Ajman,2025-12-23
CUST-10355,Mohammed Rama,paninivenkataraman@example.org,+912996757997,Ajman,2024-08-08
CUST-10356,Ayush Khosla,paggarwal@example.net,1366291404,Sharjah,2025-06-07
CUST-10357,Tanmayi Bail,chavvisami@example.com,09988516409,Dubai,2026-04-27
CUST-10358,Nandini Bandi,zansi50@example.com,+914607565485,Sharjah,2025-10-18
CUST-10359,Gauri Sant,inarayan@example.net,5010251426,Ajman,2024-11-13
CUST-10360,Ronith Saran,baljiwannatt@example.net,+910170339367,Ajman,2026-02-20
CUST-10361,Dominic Agate,rsami@example.org,+911236733522,Ajman,2026-03-31
CUST-10362,Ishaan Hegde,tbhavsar@example.net,+919271468796,Dubai,2025-12-04
CUST-10363,Dhruv Talwar,zashil30@example.com,0822785848,Abu Dhabi,2024-11-17
CUST-10364,Amara Choudhary,waida62@example.net,3116496490,Abu Dhabi,2026-06-15
CUST-10365,Xavier Arya,chaitalydash@example.com,03213262325,Abu Dhabi,2025-09-15
CUST-10366,Damyanti Oza,bahluwalia@example.com,06168148071,Sharjah,2025-11-01
CUST-10367,Siddharth Dass,harinakshi50@example.org,3599126911,Ajman,2025-03-03
CUST-10368,Logan Om,zganguly@example.net,00528756301,Abu Dhabi,2025-08-04
CUST-10369,Brinda Kale,ikshita36@example.net,+910181526161,Sharjah,2025-08-31
CUST-10370,Caleb Mittal,vasamaanas@example.com,+916074727450,Sharjah,2026-03-01
CUST-10371,Meghana Goda,kritikakade@example.net,02655945762,Ajman,2024-09-15
CUST-10372,Harrison Pradhan,rushildada@example.org,1194479893,Ajman,2026-05-03
CUST-10373,Ryan Varughese,bmahal@example.org,00638042318,Sharjah,2026-06-22
CUST-10374,Nimrat Seshadri,unni04@example.org,+917744988528,Abu Dhabi,2024-12-02
CUST-10375,Advay Srinivasan,damyanti62@example.net,+918024821483,Abu Dhabi,2026-01-08
CUST-10376,Idika Johal,hgara@example.net,+912278361604,Abu Dhabi,2024-10-13
CUST-10377,Warinder Bhatnagar,quincy08@example.net,4502242069,Dubai,2025-07-18
CUST-10378,Chaman Sandal,ddass@example.com,7288607570,Ajman,2026-02-04
CUST-10379,Gabriel Agrawal,gokhalehemani@example.org,+913600726379,Ajman,2025-12-01
CUST-10380,Geetika Barad,sachi82@example.org,+917568274025,Abu Dhabi,2024-08-17
CUST-10381,Charita Borde,patlayuvraj@example.net,+913464591213,Dubai,2025-11-02
CUST-10382,Ekaraj Barad,advikmandal@example.org,+918194636147,Dubai,2025-07-03
CUST-10383,Hemani Sen,agrewal@example.org,03956780852,Ajman,2025-02-02
CUST-10384,Warinder Sampath,surimahika@example.org,+912799246057,Dubai,2024-07-22
CUST-10385,Nisha Bath,yrandhawa@example.org,+919527891972,Sharjah,2025-08-26
CUST-10386,Nitara Chad,anath@example.com,1884183929,Dubai,2024-08-16
CUST-10387,Amara Grover,bajwabenjamin@example.org,05416202580,Dubai,2025-12-12
CUST-10388,Arunima Sehgal,jeremiah87@example.org,+919075462477,Dubai,2026-05-12
CUST-10389,Dakshesh Gaba,ypau@example.com,5159534066,Abu Dhabi,2025-03-21
CUST-10390,Advay Raja,dpanchal@example.org,09018919559,Dubai,2026-05-04
CUST-10391,Jagvi Saha,ryanmital@example.com,4896141424,Dubai,2025-07-25
CUST-10392,Darpan Dayal,sathvikmagar@example.org,5545118871,Dubai,2024-07-03
CUST-10393,Waida Bava,knarang@example.com,2195772955,Abu Dhabi,2024-08-09
CUST-10394,Qarin Rao,pupadhyay@example.com,08450964588,Sharjah,2025-04-02
CUST-10395,Vasatika Sibal,chanchal69@example.org,+916501233935,Sharjah,2025-01-16
CUST-10396,Ayushman Mahal,saisehgal@example.net,7581182026,Dubai,2025-03-21
CUST-10397,Zayyan Krishnamurthy,taraksani@example.org,+917327635351,Abu Dhabi,2025-03-28
CUST-10398,Anamika Ganesh,rmajumdar@example.com,8851010563,Dubai,2025-10-20
CUST-10399,Viraj Sibal,odika84@example.org,09351468097,Dubai,2026-01-24
CUST-10400,Reyansh Munshi,chasmum70@example.net,3658130330,Sharjah,2026-03-20
CUST-10401,Bahadurjit Barad,tsethi@example.net,+914561869413,Dubai,2024-10-21
CUST-10402,Priya Mann,agastya16@example.com,05160915005,Sharjah,2025-07-12
CUST-10403,Chanchal Saraf,meerabajaj@example.com,+913715475642,Dubai,2024-12-06
CUST-10404,Sachi Prabhu,samaksh16@example.net,0935457590,Dubai,2025-09-21
CUST-10405,Oscar Sankaran,aryachar@example.com,02577494700,Dubai,2025-12-23
CUST-10406,Jagdish Sethi,caleb26@example.com,3442208402,Sharjah,2024-07-15
CUST-10407,Joshua Zachariah,sridhararya@example.net,+911644064851,Ajman,2024-08-04
CUST-10408,Saanvi Kashyap,behlgaurang@example.com,08304249779,Ajman,2025-10-01
CUST-10409,Hemang Gera,varsha06@example.org,03034433481,Ajman,2026-03-30
CUST-10410,Jairaj Pandey,harrisondubey@example.org,+914366359009,Dubai,2025-08-07
CUST-10411,Anay Seth,ekavirdube@example.net,05018072555,Sharjah,2025-06-27
CUST-10412,Mahika Sant,kashishmisra@example.org,+912555918226,Ajman,2025-09-04
CUST-10413,Kala Ramachandran,mitali81@example.net,4714374905,Ajman,2026-02-10
CUST-10414,Bishakha Dubey,bailpratyush@example.net,6128890077,Ajman,2026-01-07
CUST-10415,Watika Mangat,bratta@example.com,+911312587486,Abu Dhabi,2025-07-04
CUST-10416,Krisha Shetty,qarinchaudry@example.net,+917025816506,Ajman,2024-12-26
CUST-10417,Zarna Seth,ychoudhury@example.net,+916285481289,Sharjah,2025-01-28
CUST-10418,Devansh Sahni,karikashish@example.com,0913781240,Dubai,2025-02-27
CUST-10419,Siddharth Sahni,kumarunni@example.com,+914124715063,Sharjah,2026-05-26
CUST-10420,Elijah Sanghvi,tmorar@example.net,0904044716,Dubai,2025-05-26
CUST-10421,Jeet Parekh,jairajnadkarni@example.org,+913414251215,Sharjah,2026-06-04
CUST-10422,Vanya Ranganathan,advik29@example.com,05445967155,Sharjah,2025-10-02
CUST-10423,Noah Varughese,sameshsood@example.net,2076505265,Sharjah,2024-10-04
CUST-10424,Utkarsh Chaudhari,nzacharia@example.com,+912501188722,Dubai,2025-02-24
CUST-10425,Advik Bose,unnatibalan@example.org,09885566518,Dubai,2025-07-05
CUST-10426,Dhriti Edwin,mahallakshit@example.org,+912249176099,Ajman,2025-02-11
CUST-10427,Lohit Shenoy,daminidhillon@example.net,+917487236281,Sharjah,2024-11-21
CUST-10428,Mitesh Gade,ychandra@example.net,+916206263348,Ajman,2024-11-26
CUST-10429,Rushil Sankaran,sarkarmax@example.org,+910715229695,Abu Dhabi,2025-02-21
CUST-10430,Tamanna Gandhi,gravi@example.com,03261637946,Ajman,2024-09-24
CUST-10431,Eshana Master,kadechristopher@example.com,2904159213,Abu Dhabi,2026-05-13
CUST-10432,Bimala Yohannan,charles83@example.org,9613339890,Abu Dhabi,2026-06-09
CUST-10433,Gaurika Bir,zachariavedant@example.org,8614325774,Dubai,2026-03-30
CUST-10434,Owen Dada,mishrabhavna@example.net,05909043526,Dubai,2024-10-26
CUST-10435,Rehaan Goyal,usura@example.org,2581611034,Abu Dhabi,2026-01-08
CUST-10436,Dakshesh Mahajan,chameliseshadri@example.net,9658393671,Ajman,2025-02-20
CUST-10437,Azaan Andra,pandyajeet@example.com,4573096294,Abu Dhabi,2024-08-24
CUST-10438,Osha Gade,hayreleela@example.com,+912878120038,Ajman,2025-01-06
CUST-10439,Joshua Dey,nikitabera@example.com,+912051238282,Dubai,2025-11-18
CUST-10440,Tripti Sami,qushi54@example.net,+913120330722,Ajman,2026-06-09
CUST-10441,Gauri Borra,jswaminathan@example.com,04295403352,Sharjah,2025-11-17
CUST-10442,Nitesh Chakraborty,maanav92@example.net,+918325994949,Sharjah,2024-12-04
CUST-10443,Joshua Sha,pmagar@example.com,2604395733,Abu Dhabi,2026-02-03
CUST-10444,Upadhriti Dutt,rdatta@example.com,+910572865559,Sharjah,2025-12-29
CUST-10445,Osha Khosla,goswamiraksha@example.org,07377750086,Dubai,2024-07-29
CUST-10446,Parth Dhar,pagrawal@example.com,2748992571,Abu Dhabi,2025-02-25
CUST-10447,Eiravati Handa,netrayohannan@example.com,1166336499,Abu Dhabi,2025-09-02
CUST-10448,Adweta Nair,azaan82@example.net,+910531822976,Abu Dhabi,2024-12-09
CUST-10449,Ubika Sant,arjunshetty@example.net,08028471297,Dubai,2026-05-25
CUST-10450,Jagrati Menon,yauvani63@example.com,+911352764081,Abu Dhabi,2025-05-12
CUST-10451,Guneet Amble,pchandran@example.com,+915014380219,Sharjah,2025-08-22
CUST-10452,Yahvi Yadav,zinal36@example.net,+916509158721,Ajman,2025-03-07
CUST-10453,Saanvi Iyengar,hseshadri@example.com,9722699740,Sharjah,2025-09-18
CUST-10454,Darpan Banerjee,nsavant@example.org,5642126244,Dubai,2025-06-07
CUST-10455,Kamya Palla,jasmit89@example.com,+912702323410,Dubai,2025-10-10
CUST-10456,Abeer Prabhakar,ckhurana@example.com,3254542567,Abu Dhabi,2025-11-19
CUST-10457,Tanmayi Choudhury,paidalaja@example.net,+911933054879,Abu Dhabi,2025-08-30
CUST-10458,Oscar Sawhney,okar@example.net,04025139914,Sharjah,2025-02-21
CUST-10459,Arjun Bassi,xmahajan@example.org,8249610649,Dubai,2025-04-01
CUST-10460,Odika Yogi,gopalfaris@example.net,2589921814,Abu Dhabi,2024-09-21
CUST-10461,Frederick Savant,veda46@example.com,8138431350,Abu Dhabi,2026-04-30
CUST-10462,Gaurika Sani,kagarwal@example.org,03687536742,Sharjah,2025-01-30
CUST-10463,Sai Sethi,rnagarajan@example.org,+914721538139,Dubai,2025-07-22
CUST-10464,Kalpit Zachariah,balveeraurora@example.org,04890458181,Dubai,2026-04-23
CUST-10465,Nidra Sandal,parth48@example.org,+918930328609,Ajman,2025-06-29
CUST-10466,Geetika Bhatia,samar66@example.com,1445524271,Sharjah,2024-11-02
CUST-10467,Indrajit Mitra,darahitesh@example.org,2132766753,Ajman,2025-11-15
CUST-10468,Jason Lal,harita64@example.com,7862341908,Abu Dhabi,2025-07-03
CUST-10469,Barkha Saha,saikarnik@example.net,+913559691511,Ajman,2025-11-02
CUST-10470,Zarna Datta,kritika99@example.org,8139725313,Sharjah,2025-03-10
CUST-10471,Ayush Iyengar,vritti42@example.net,3266381239,Ajman,2025-12-11
CUST-10472,Eesha Puri,yasti29@example.net,03015772221,Dubai,2026-04-08
CUST-10473,Varsha Handa,benlila@example.com,03723611028,Abu Dhabi,2026-05-25
CUST-10474,Hemangini Shetty,sarnalogan@example.com,01459815376,Sharjah,2025-05-12
CUST-10475,Fitan Kumer,menonekaraj@example.org,+916106324703,Abu Dhabi,2025-02-15
CUST-10476,Orinder Shan,anandvedant@example.org,03312500771,Abu Dhabi,2025-06-29
CUST-10477,Manbir Lad,hyohannan@example.org,03117445004,Ajman,2024-07-17
CUST-10478,Anthony Kaur,mohanandrew@example.com,+917595558078,Ajman,2026-04-25
CUST-10479,Anthony Bobal,dparikh@example.com,09836427996,Ajman,2024-09-17
CUST-10480,Hredhaan Sami,vyastamanna@example.org,09703354028,Ajman,2025-01-21
CUST-10481,Girish Pandya,nayarrushil@example.com,09078632509,Ajman,2024-12-10
CUST-10482,Faraj Khurana,zarna77@example.net,+910029932548,Sharjah,2025-11-28
CUST-10483,Ati Roy,tchaudhry@example.com,1795905851,Dubai,2026-04-09
CUST-10484,Sanya Sankaran,arin19@example.org,+910856190757,Abu Dhabi,2024-11-27
CUST-10485,Chaitaly Shetty,balajason@example.net,6525605022,Abu Dhabi,2026-01-08
CUST-10486,Ekansh Krishna,vedhika07@example.com,+919923442397,Ajman,2025-07-28
CUST-10487,Hamsini Ramaswamy,vasaekani@example.org,05718356306,Ajman,2024-10-29
CUST-10488,Radhika Dalal,bbala@example.org,00092195005,Abu Dhabi,2024-09-09
CUST-10489,Aarnav Agate,xseth@example.net,+918097705099,Ajman,2026-02-23
CUST-10490,Nicholas Sandal,yogichandresh@example.com,01752900097,Sharjah,2026-03-10
CUST-10491,Aishani Oza,hardik55@example.org,+919736230446,Dubai,2026-06-03
CUST-10492,Chandran Deep,idika10@example.net,01134066357,Sharjah,2024-09-02
CUST-10493,Kalpit Mand,agastyadada@example.org,06452645096,Abu Dhabi,2024-11-07
CUST-10494,Zayan Modi,ubikasagar@example.org,9145018914,Sharjah,2025-01-19
CUST-10495,Rushil Pandya,advik98@example.com,06407832783,Dubai,2025-04-19
CUST-10496,Balendra Ahuja,mitaliagrawal@example.com,+913535974411,Dubai,2025-09-22
CUST-10497,Ekavir Prasad,qben@example.org,03713146703,Dubai,2025-02-19
CUST-10498,Urishilla Sarkar,dayamai25@example.org,0307177352,Dubai,2024-12-24
CUST-10499,Azad Borra,ladliatwal@example.com,05678766519,Sharjah,2024-11-29
